<?xml version="1.0" encoding="UTF-8"?>
<project-private xmlns="http://www.netbeans.org/ns/project-private/1">
    <editor-bookmarks xmlns="http://www.netbeans.org/ns/editor-bookmarks/2" lastBookmarkId="0"/>
    <open-files xmlns="http://www.netbeans.org/ns/projectui-open-files/2">
        <group>
            <file>file:/C:/xampp/htdocs/scanindia/includes/tcpConnection.php</file>
            <file>file:/C:/xampp/htdocs/scanindia/includes/SocketServer.class.php</file>
            <file>file:/C:/xampp/htdocs/scanindia/startServer.php</file>
            <file>file:/C:/xampp/htdocs/scanindia/createClient.php</file>
        </group>
    </open-files>
</project-private>
